2020-11-27 00:00, 16.82, 1004.85, 39.84
2020-11-27 00:02, 16.94, 1004.86, 39.89
2020-11-27 00:04, 16.79, 1004.80, 39.99
2020-11-27 00:06, 16.90, 1004.82, 40.02
2020-11-27 00:08, 16.88, 1004.84, 39.78
2020-11-27 00:10, 17.06, 1004.90, 39.49
2020-11-27 00:12, 16.85, 1004.97, 39.18
2020-11-27 00:14, 16.84, 1004.95, 39.13
2020-11-27 00:16, 16.98, 1004.98, 39.07
2020-11-27 00:18, 16.90, 1004.98, 39.29
2020-11-27 00:20, 16.84, 1004.98, 39.21
2020-11-27 00:22, 16.69, 1004.96, 39.54
2020-11-27 00:24, 16.83, 1004.91, 39.44
2020-11-27 00:26, 16.57, 1004.89, 39.71
2020-11-27 00:28, 16.71, 1004.91, 39.73
2020-11-27 00:30, 16.50, 1004.87, 39.67
2020-11-27 00:32, 16.79, 1004.86, 39.49
2020-11-27 00:34, 16.66, 1004.86, 39.85
2020-11-27 00:36, 16.66, 1004.87, 39.58
2020-11-27 00:38, 16.74, 1004.89, 39.59
2020-11-27 00:40, 16.69, 1004.86, 39.43
2020-11-27 00:42, 16.48, 1004.87, 39.11
2020-11-27 00:44, 16.66, 1004.86, 39.04
2020-11-27 00:46, 16.89, 1004.82, 38.81
2020-11-27 00:48, 16.83, 1004.84, 39.18
2020-11-27 00:50, 16.51, 1004.88, 39.18
2020-11-27 00:52, 16.51, 1004.88, 39.11
2020-11-27 00:54, 16.51, 1004.89, 39.38
2020-11-27 00:56, 16.59, 1004.93, 39.23
2020-11-27 00:58, 16.34, 1004.92, 39.54
2020-11-27 01:00, 16.51, 1004.95, 39.44
2020-11-27 01:02, 16.50, 1004.91, 39.60
2020-11-27 01:04, 16.38, 1004.91, 39.29
2020-11-27 01:06, 16.48, 1004.89, 39.40
2020-11-27 01:08, 16.49, 1004.90, 39.47
2020-11-27 01:10, 16.32, 1004.87, 39.31
2020-11-27 01:12, 16.39, 1004.85, 39.17
2020-11-27 01:14, 16.64, 1004.80, 39.17
2020-11-27 01:16, 16.59, 1004.78, 38.75
2020-11-27 01:18, 16.63, 1004.74, 38.87
2020-11-27 01:20, 16.66, 1004.71, 38.64
2020-11-27 01:22, 16.47, 1004.71, 39.03
2020-11-27 01:24, 16.34, 1004.68, 39.11
2020-11-27 01:26, 16.55, 1004.68, 39.16
2020-11-27 01:28, 16.25, 1004.64, 39.40
2020-11-27 01:30, 16.33, 1004.65, 39.52
2020-11-27 01:32, 16.27, 1004.67, 39.54
2020-11-27 01:34, 16.28, 1004.67, 39.46
2020-11-27 01:36, 16.28, 1004.71, 39.41
2020-11-27 01:38, 16.22, 1004.71, 39.49
2020-11-27 01:40, 16.25, 1004.71, 39.50
2020-11-27 01:42, 16.43, 1004.66, 39.25
2020-11-27 01:44, 16.34, 1004.64, 39.36
2020-11-27 01:46, 16.31, 1004.64, 38.96
2020-11-27 01:48, 16.39, 1004.66, 39.11
2020-11-27 01:50, 16.41, 1004.66, 38.79
2020-11-27 01:52, 16.39, 1004.69, 38.99
2020-11-27 01:54, 16.21, 1004.72, 39.37
2020-11-27 01:56, 16.21, 1004.72, 39.24
2020-11-27 01:58, 16.21, 1004.75, 39.17
2020-11-27 02:00, 16.12, 1004.75, 39.50
2020-11-27 02:02, 15.84, 1004.72, 39.45
2020-11-27 02:04, 16.25, 1004.70, 39.53
2020-11-27 02:06, 15.97, 1004.64, 39.63
2020-11-27 02:08, 16.00, 1004.65, 39.24
2020-11-27 02:10, 15.98, 1004.65, 39.42
2020-11-27 02:12, 15.96, 1004.57, 39.47
2020-11-27 02:14, 16.21, 1004.57, 39.28
2020-11-27 02:16, 16.12, 1004.54, 39.17
2020-11-27 02:18, 16.16, 1004.55, 39.10
2020-11-27 02:20, 16.23, 1004.54, 38.99
2020-11-27 02:22, 16.15, 1004.56, 38.95
2020-11-27 02:24, 16.34, 1004.60, 39.06
2020-11-27 02:26, 16.17, 1004.57, 39.13
2020-11-27 02:28, 15.98, 1004.53, 39.36
2020-11-27 02:30, 16.17, 1004.51, 39.33
2020-11-27 02:32, 15.86, 1004.47, 39.40
2020-11-27 02:34, 15.89, 1004.45, 39.41
2020-11-27 02:36, 15.90, 1004.44, 39.51
2020-11-27 02:38, 15.89, 1004.42, 39.25
2020-11-27 02:40, 16.23, 1004.42, 39.58
2020-11-27 02:42, 15.74, 1004.34, 39.34
2020-11-27 02:44, 16.22, 1004.32, 39.42
2020-11-27 02:46, 16.16, 1004.31, 39.44
2020-11-27 02:48, 15.84, 1004.28, 39.47
2020-11-27 02:50, 16.23, 1004.26, 39.43
2020-11-27 02:52, 16.03, 1004.26, 39.43
2020-11-27 02:54, 15.89, 1004.26, 39.18
2020-11-27 02:56, 15.86, 1004.23, 39.17
2020-11-27 02:58, 15.90, 1004.19, 39.14
2020-11-27 03:00, 16.28, 1004.21, 39.31
2020-11-27 03:02, 15.99, 1004.21, 39.27
2020-11-27 03:04, 15.72, 1004.22, 39.45
2020-11-27 03:06, 15.58, 1004.19, 39.53
2020-11-27 03:08, 15.64, 1004.19, 39.45
2020-11-27 03:10, 15.78, 1004.18, 39.54
2020-11-27 03:12, 16.03, 1004.19, 39.53
2020-11-27 03:14, 15.72, 1004.17, 39.35
2020-11-27 03:16, 15.84, 1004.15, 39.50
2020-11-27 03:18, 15.67, 1004.10, 39.44
2020-11-27 03:20, 15.77, 1004.14, 39.30
2020-11-27 03:22, 15.74, 1004.15, 39.33
2020-11-27 03:24, 15.52, 1004.09, 39.35
2020-11-27 03:26, 16.01, 1004.13, 39.32
2020-11-27 03:28, 15.98, 1004.08, 39.10
2020-11-27 03:30, 15.81, 1004.06, 39.06
2020-11-27 03:32, 15.91, 1004.04, 39.55
2020-11-27 03:34, 15.69, 1004.01, 39.62
2020-11-27 03:36, 15.55, 1004.01, 39.69
2020-11-27 03:38, 15.77, 1004.02, 39.45
2020-11-27 03:40, 15.60, 1004.02, 39.46
2020-11-27 03:42, 15.70, 1004.02, 39.72
2020-11-27 03:44, 15.58, 1004.04, 39.46
2020-11-27 03:46, 15.71, 1004.03, 39.61
2020-11-27 03:48, 15.48, 1004.03, 39.57
2020-11-27 03:50, 15.69, 1003.98, 39.51
2020-11-27 03:52, 15.57, 1003.99, 39.43
2020-11-27 03:54, 15.54, 1003.98, 39.27
2020-11-27 03:56, 15.74, 1003.97, 39.33
2020-11-27 03:58, 15.76, 1004.02, 39.25
2020-11-27 04:00, 15.35, 1004.01, 39.40
2020-11-27 04:02, 15.59, 1004.01, 39.53
2020-11-27 04:04, 15.57, 1003.92, 39.26
2020-11-27 04:06, 15.57, 1003.93, 39.61
2020-11-27 04:08, 15.61, 1003.89, 39.38
2020-11-27 04:10, 15.57, 1003.87, 39.37
2020-11-27 04:12, 15.52, 1003.88, 39.52
2020-11-27 04:14, 15.24, 1003.85, 39.53
2020-11-27 04:16, 15.32, 1003.86, 39.38
2020-11-27 04:18, 15.59, 1003.84, 39.51
2020-11-27 04:20, 15.48, 1003.84, 39.38
2020-11-27 04:22, 15.48, 1003.83, 39.38
2020-11-27 04:24, 15.50, 1003.84, 39.36
2020-11-27 04:26, 15.52, 1003.82, 39.42
2020-11-27 04:28, 15.33, 1003.83, 39.27
2020-11-27 04:30, 15.55, 1003.78, 39.38
2020-11-27 04:32, 15.36, 1003.80, 39.70
2020-11-27 04:34, 15.31, 1003.82, 39.63
2020-11-27 04:36, 15.37, 1003.87, 39.49
2020-11-27 04:38, 15.11, 1003.90, 39.68
2020-11-27 04:40, 15.23, 1003.97, 39.90
2020-11-27 04:42, 15.44, 1003.95, 39.74
2020-11-27 04:44, 15.24, 1003.92, 39.79
2020-11-27 04:46, 15.39, 1003.90, 39.82
2020-11-27 04:48, 15.37, 1003.89, 39.63
2020-11-27 04:50, 15.15, 1003.88, 39.53
2020-11-27 04:52, 15.32, 1003.84, 39.36
2020-11-27 04:54, 15.36, 1003.85, 39.43
2020-11-27 04:56, 15.21, 1003.87, 39.09
2020-11-27 04:58, 15.31, 1003.86, 39.40
2020-11-27 05:00, 15.09, 1003.82, 39.38
2020-11-27 05:02, 15.35, 1003.86, 39.57
2020-11-27 05:04, 15.12, 1003.84, 39.34
2020-11-27 05:06, 15.13, 1003.84, 39.57
2020-11-27 05:08, 15.25, 1003.83, 39.52
2020-11-27 05:10, 14.94, 1003.79, 39.68
2020-11-27 05:12, 15.11, 1003.81, 39.54
2020-11-27 05:14, 15.29, 1003.76, 39.75
2020-11-27 05:16, 15.36, 1003.76, 39.69
2020-11-27 05:18, 15.25, 1003.82, 39.24
2020-11-27 05:20, 15.15, 1003.83, 39.49
2020-11-27 05:22, 15.15, 1003.76, 39.66
2020-11-27 05:24, 15.20, 1003.80, 39.44
2020-11-27 05:26, 15.40, 1003.82, 39.58
2020-11-27 05:28, 15.15, 1003.84, 39.49
2020-11-27 05:30, 15.03, 1003.84, 39.85
2020-11-27 05:32, 15.03, 1003.79, 39.53
2020-11-27 05:34, 15.25, 1003.77, 39.72
2020-11-27 05:36, 15.22, 1003.76, 39.79
2020-11-27 05:38, 15.04, 1003.77, 39.81
2020-11-27 05:40, 14.92, 1003.75, 39.72
2020-11-27 05:42, 15.34, 1003.74, 39.59
2020-11-27 05:44, 14.98, 1003.73, 39.74
2020-11-27 05:46, 15.02, 1003.70, 39.88
2020-11-27 05:48, 14.86, 1003.73, 39.70
2020-11-27 05:50, 15.26, 1003.72, 39.74
2020-11-27 05:52, 14.96, 1003.70, 39.50
2020-11-27 05:54, 14.95, 1003.73, 39.64
2020-11-27 05:56, 15.09, 1003.65, 39.55
2020-11-27 05:58, 15.17, 1003.66, 39.34
2020-11-27 06:00, 15.01, 1003.61, 39.80
2020-11-27 06:02, 15.06, 1003.58, 39.78
2020-11-27 06:04, 15.05, 1003.58, 39.68
2020-11-27 06:06, 14.92, 1003.56, 39.63
2020-11-27 06:08, 15.02, 1003.54, 39.76
2020-11-27 06:10, 14.78, 1003.54, 39.68
2020-11-27 06:12, 15.31, 1003.52, 39.69
2020-11-27 06:14, 15.03, 1003.54, 39.68
2020-11-27 06:16, 14.96, 1003.50, 39.82
2020-11-27 06:18, 14.72, 1003.50, 39.89
2020-11-27 06:20, 15.11, 1003.50, 39.78
2020-11-27 06:22, 15.06, 1003.49, 39.41
2020-11-27 06:24, 14.81, 1003.49, 39.51
2020-11-27 06:26, 14.97, 1003.54, 39.65
2020-11-27 06:28, 14.77, 1003.53, 39.63
2020-11-27 06:30, 14.82, 1003.54, 39.65
2020-11-27 06:32, 14.89, 1003.57, 39.92
2020-11-27 06:34, 15.02, 1003.57, 39.76
2020-11-27 06:36, 14.65, 1003.59, 39.87
2020-11-27 06:38, 14.88, 1003.63, 39.95
2020-11-27 06:40, 14.96, 1003.65, 39.80
2020-11-27 06:42, 14.54, 1003.66, 39.79
2020-11-27 06:44, 14.86, 1003.73, 39.48
2020-11-27 06:46, 14.72, 1003.72, 39.61
2020-11-27 06:48, 15.07, 1003.74, 39.70
2020-11-27 06:50, 15.08, 1003.73, 39.65
2020-11-27 06:52, 14.95, 1003.71, 39.68
2020-11-27 06:54, 14.96, 1003.74, 39.57
2020-11-27 06:56, 14.89, 1003.72, 39.58
2020-11-27 06:58, 14.91, 1003.73, 39.54
2020-11-27 07:00, 14.93, 1003.77, 39.66
2020-11-27 07:02, 14.84, 1003.75, 39.73
2020-11-27 07:04, 14.82, 1003.73, 39.83
2020-11-27 07:06, 14.75, 1003.72, 39.81
2020-11-27 07:08, 14.64, 1003.71, 39.82
2020-11-27 07:10, 14.16, 1003.68, 40.27
2020-11-27 07:12, 14.68, 1003.68, 40.31
2020-11-27 07:14, 14.78, 1003.72, 40.92
2020-11-27 07:16, 14.70, 1003.71, 41.16
2020-11-27 07:18, 14.42, 1003.68, 41.57
2020-11-27 07:20, 14.35, 1003.66, 42.36
2020-11-27 07:22, 14.73, 1003.71, 42.28
2020-11-27 07:24, 14.75, 1003.66, 42.11
2020-11-27 07:26, 15.00, 1003.68, 41.93
2020-11-27 07:28, 15.14, 1003.70, 42.02
2020-11-27 07:30, 15.12, 1003.66, 41.65
2020-11-27 07:32, 15.38, 1003.65, 41.19
2020-11-27 07:34, 15.40, 1003.62, 40.98
2020-11-27 07:36, 15.50, 1003.64, 40.79
2020-11-27 07:38, 15.52, 1003.66, 41.16
2020-11-27 07:40, 15.44, 1003.66, 41.03
2020-11-27 07:42, 15.59, 1003.67, 41.30
2020-11-27 07:44, 15.69, 1003.66, 41.15
2020-11-27 07:46, 15.57, 1003.65, 41.20
2020-11-27 07:48, 15.49, 1003.71, 40.83
2020-11-27 07:50, 15.70, 1003.72, 40.91
2020-11-27 07:52, 15.82, 1003.67, 40.84
2020-11-27 07:54, 15.97, 1003.69, 40.66
2020-11-27 07:56, 16.06, 1003.67, 40.51
2020-11-27 07:58, 15.89, 1003.67, 40.50
2020-11-27 08:00, 16.04, 1003.68, 40.33
2020-11-27 08:02, 16.07, 1003.63, 40.16
2020-11-27 08:04, 16.41, 1003.64, 40.10
2020-11-27 08:06, 16.11, 1003.65, 39.95
2020-11-27 08:08, 16.16, 1003.66, 39.87
2020-11-27 08:10, 16.10, 1003.63, 39.99
2020-11-27 08:12, 16.09, 1003.64, 39.69
2020-11-27 08:14, 16.15, 1003.61, 39.75
2020-11-27 08:16, 16.22, 1003.64, 39.77
2020-11-27 08:18, 16.01, 1003.60, 39.93
2020-11-27 08:20, 16.32, 1003.58, 39.59
2020-11-27 08:22, 16.04, 1003.54, 39.95
2020-11-27 08:24, 16.02, 1003.54, 39.87
2020-11-27 08:26, 16.45, 1003.60, 39.73
2020-11-27 08:28, 16.04, 1003.61, 39.74
2020-11-27 08:30, 16.13, 1003.59, 39.58
2020-11-27 08:32, 16.09, 1003.53, 39.86
2020-11-27 08:34, 16.03, 1003.52, 39.98
2020-11-27 08:36, 16.00, 1003.50, 39.89
2020-11-27 08:38, 15.82, 1003.49, 40.00
2020-11-27 08:40, 16.26, 1003.48, 39.92
2020-11-27 08:42, 15.87, 1003.44, 39.88
2020-11-27 08:44, 16.05, 1003.43, 39.80
2020-11-27 08:46, 16.26, 1003.39, 39.70
2020-11-27 08:48, 16.04, 1003.35, 40.18
2020-11-27 08:50, 15.99, 1003.44, 39.96
2020-11-27 08:52, 16.02, 1003.44, 39.84
2020-11-27 08:54, 15.83, 1003.43, 40.08
2020-11-27 08:56, 15.91, 1003.41, 40.30
2020-11-27 08:58, 15.82, 1003.45, 40.41
2020-11-27 09:00, 15.69, 1003.51, 40.25
2020-11-27 09:02, 16.13, 1003.52, 39.67
2020-11-27 09:04, 15.57, 1003.49, 39.44
2020-11-27 09:06, 15.70, 1003.49, 39.80
2020-11-27 09:08, 16.14, 1003.45, 39.43
2020-11-27 09:10, 15.76, 1003.45, 39.97
2020-11-27 09:12, 15.51, 1003.42, 40.28
2020-11-27 09:14, 15.76, 1003.45, 40.31
2020-11-27 09:16, 15.76, 1003.41, 40.65
2020-11-27 09:18, 15.64, 1003.44, 40.34
2020-11-27 09:20, 15.38, 1003.45, 40.18
2020-11-27 09:22, 15.46, 1003.40, 40.59
2020-11-27 09:24, 15.44, 1003.40, 40.10
2020-11-27 09:26, 15.61, 1003.39, 40.35
2020-11-27 09:28, 15.54, 1003.40, 40.19
2020-11-27 09:30, 15.52, 1003.40, 40.14
2020-11-27 09:32, 15.56, 1003.36, 39.88
2020-11-27 09:34, 15.49, 1003.34, 39.70
2020-11-27 09:36, 15.62, 1003.28, 39.61
2020-11-27 09:38, 15.66, 1003.30, 39.42
2020-11-27 09:40, 15.40, 1003.33, 39.29
2020-11-27 09:42, 15.72, 1003.32, 39.27
2020-11-27 09:44, 15.63, 1003.30, 39.25
2020-11-27 09:46, 15.54, 1003.31, 39.12
2020-11-27 09:48, 15.65, 1003.36, 39.24
2020-11-27 09:50, 15.59, 1003.35, 39.20
2020-11-27 09:52, 15.68, 1003.33, 39.10
2020-11-27 09:54, 15.71, 1003.35, 38.94
2020-11-27 09:56, 15.50, 1003.34, 38.71
2020-11-27 09:58, 15.78, 1003.37, 38.68
2020-11-27 10:00, 15.50, 1003.35, 38.89
2020-11-27 10:02, 15.62, 1003.34, 39.04
2020-11-27 10:04, 15.73, 1003.37, 38.86
2020-11-27 10:06, 15.70, 1003.40, 38.90
2020-11-27 10:08, 15.41, 1003.37, 39.00
2020-11-27 10:10, 15.53, 1003.42, 39.05
2020-11-27 10:12, 15.56, 1003.41, 39.08
2020-11-27 10:14, 15.60, 1003.42, 38.98
2020-11-27 10:16, 15.49, 1003.38, 38.86
2020-11-27 10:18, 15.45, 1003.38, 38.77
2020-11-27 10:20, 15.52, 1003.36, 38.68
2020-11-27 10:22, 15.73, 1003.39, 38.63
2020-11-27 10:24, 15.74, 1003.36, 38.63
2020-11-27 10:26, 15.62, 1003.37, 38.48
2020-11-27 10:28, 15.65, 1003.35, 38.42
2020-11-27 10:30, 15.59, 1003.31, 38.38
2020-11-27 10:32, 15.49, 1003.35, 38.35
2020-11-27 10:34, 15.69, 1003.32, 38.20
2020-11-27 10:36, 16.01, 1003.35, 38.04
2020-11-27 10:38, 15.70, 1003.36, 38.20
2020-11-27 10:40, 15.80, 1003.31, 38.36
2020-11-27 10:42, 15.85, 1003.34, 38.29
2020-11-27 10:44, 15.69, 1003.35, 38.21
2020-11-27 10:46, 15.58, 1003.38, 38.12
2020-11-27 10:48, 15.79, 1003.35, 37.99
2020-11-27 10:50, 15.77, 1003.35, 38.52
2020-11-27 10:52, 15.87, 1003.35, 38.22
2020-11-27 10:54, 15.81, 1003.31, 38.17
2020-11-27 10:56, 15.86, 1003.29, 38.15
2020-11-27 10:58, 15.90, 1003.31, 37.95
2020-11-27 11:00, 15.87, 1003.29, 38.19
2020-11-27 11:02, 15.90, 1003.27, 38.25
2020-11-27 11:04, 15.76, 1003.23, 38.16
2020-11-27 11:06, 15.75, 1003.20, 38.13
2020-11-27 11:08, 15.77, 1003.14, 38.40
2020-11-27 11:10, 16.01, 1003.16, 38.11
2020-11-27 11:12, 15.59, 1003.11, 37.97
2020-11-27 11:14, 15.74, 1003.12, 38.15
2020-11-27 11:16, 15.91, 1003.06, 37.79
2020-11-27 11:18, 16.13, 1003.01, 37.76
2020-11-27 11:20, 15.88, 1003.01, 37.55
2020-11-27 11:22, 16.15, 1002.98, 37.64
2020-11-27 11:24, 15.91, 1002.92, 37.55
2020-11-27 11:26, 16.08, 1002.87, 37.54
2020-11-27 11:28, 16.34, 1002.89, 37.51
2020-11-27 11:30, 16.23, 1002.82, 37.27
2020-11-27 11:32, 15.94, 1002.84, 37.37
2020-11-27 11:34, 16.09, 1002.79, 37.47
2020-11-27 11:36, 16.11, 1002.77, 37.39
2020-11-27 11:38, 16.31, 1002.80, 37.41
2020-11-27 11:40, 15.79, 1002.78, 37.48
2020-11-27 11:42, 15.84, 1002.74, 37.41
2020-11-27 11:44, 16.14, 1002.70, 37.49
2020-11-27 11:46, 16.25, 1002.67, 37.39
2020-11-27 11:48, 16.09, 1002.65, 37.34
2020-11-27 11:50, 16.07, 1002.58, 37.45
2020-11-27 11:52, 16.29, 1002.59, 37.40
2020-11-27 11:54, 16.21, 1002.57, 37.45
2020-11-27 11:56, 15.83, 1002.53, 37.37
2020-11-27 11:58, 16.12, 1002.52, 37.44
2020-11-27 12:00, 16.02, 1002.52, 37.39
2020-11-27 12:02, 15.98, 1002.52, 37.32
2020-11-27 12:04, 16.28, 1002.49, 37.45
2020-11-27 12:06, 15.81, 1002.47, 37.50
2020-11-27 12:08, 16.22, 1002.50, 37.49
2020-11-27 12:10, 15.94, 1002.45, 37.63
2020-11-27 12:12, 16.05, 1002.38, 37.41
2020-11-27 12:14, 16.25, 1002.37, 37.38
2020-11-27 12:16, 16.09, 1002.35, 37.26
2020-11-27 12:18, 16.04, 1002.35, 37.25
2020-11-27 12:20, 16.05, 1002.33, 37.31
2020-11-27 12:22, 16.61, 1002.33, 37.16
2020-11-27 12:24, 16.36, 1002.35, 37.24
2020-11-27 12:26, 16.02, 1002.34, 37.34
2020-11-27 12:28, 16.21, 1002.27, 37.16
2020-11-27 12:30, 16.60, 1002.27, 37.15
2020-11-27 12:32, 16.17, 1002.26, 37.31
2020-11-27 12:34, 16.00, 1002.21, 37.46
2020-11-27 12:36, 16.07, 1002.23, 37.31
2020-11-27 12:38, 16.16, 1002.18, 37.08
2020-11-27 12:40, 16.07, 1002.17, 37.19
2020-11-27 12:42, 16.34, 1002.16, 37.27
2020-11-27 12:44, 16.20, 1002.14, 37.25
2020-11-27 12:46, 16.10, 1002.14, 37.23
2020-11-27 12:48, 16.01, 1002.10, 37.15
2020-11-27 12:50, 16.38, 1002.11, 37.16
2020-11-27 12:52, 16.04, 1002.07, 37.21
2020-11-27 12:54, 16.00, 1002.05, 37.20
2020-11-27 12:56, 16.02, 1002.04, 37.24
2020-11-27 12:58, 16.00, 1002.01, 37.17
2020-11-27 13:00, 16.44, 1001.98, 37.15
2020-11-27 13:02, 16.04, 1001.98, 37.06
2020-11-27 13:04, 16.45, 1001.98, 36.93
2020-11-27 13:06, 16.41, 1001.92, 36.93
2020-11-27 13:08, 16.10, 1001.91, 36.94
2020-11-27 13:10, 16.31, 1001.89, 37.02
2020-11-27 13:12, 16.35, 1001.87, 36.83
2020-11-27 13:14, 16.00, 1001.86, 37.06
2020-11-27 13:16, 15.88, 1001.87, 37.53
2020-11-27 13:18, 16.01, 1001.84, 37.65
2020-11-27 13:20, 15.73, 1001.81, 37.73
2020-11-27 13:22, 15.94, 1001.75, 37.73
2020-11-27 13:24, 16.14, 1001.75, 37.85
2020-11-27 13:26, 15.71, 1001.76, 37.95
2020-11-27 13:28, 15.86, 1001.77, 38.00
2020-11-27 13:30, 15.83, 1001.71, 38.07
2020-11-27 13:32, 15.71, 1001.68, 37.91
2020-11-27 13:34, 15.64, 1001.72, 37.92
2020-11-27 13:36, 15.58, 1001.71, 37.98
2020-11-27 13:38, 15.64, 1001.68, 37.99
2020-11-27 13:40, 15.60, 1001.67, 38.08
2020-11-27 13:42, 15.75, 1001.64, 38.14
2020-11-27 13:44, 15.67, 1001.63, 38.19
2020-11-27 13:46, 15.65, 1001.63, 38.28
2020-11-27 13:48, 15.71, 1001.63, 38.10
2020-11-27 13:50, 15.56, 1001.64, 38.34
2020-11-27 13:52, 15.70, 1001.62, 38.15
2020-11-27 13:54, 15.66, 1001.61, 38.19
2020-11-27 13:56, 15.64, 1001.58, 38.22
2020-11-27 13:58, 15.64, 1001.56, 38.20
2020-11-27 14:00, 15.46, 1001.56, 38.19
2020-11-27 14:02, 15.29, 1001.53, 38.29
2020-11-27 14:04, 15.65, 1001.52, 38.35
2020-11-27 14:06, 15.65, 1001.53, 38.46
2020-11-27 14:08, 15.35, 1001.50, 38.74
2020-11-27 14:10, 15.24, 1001.50, 39.00
2020-11-27 14:12, 15.22, 1001.48, 39.02
2020-11-27 14:14, 15.22, 1001.46, 39.09
2020-11-27 14:16, 15.22, 1001.42, 39.01
2020-11-27 14:18, 15.19, 1001.43, 39.05
2020-11-27 14:20, 15.26, 1001.41, 39.01
2020-11-27 14:22, 15.19, 1001.39, 39.03
2020-11-27 14:24, 15.39, 1001.40, 39.20
2020-11-27 14:26, 15.30, 1001.37, 39.22
2020-11-27 14:28, 15.24, 1001.33, 39.26
2020-11-27 14:30, 15.42, 1001.32, 39.21
2020-11-27 14:32, 15.06, 1001.34, 39.42
2020-11-27 14:34, 15.12, 1001.32, 39.30
2020-11-27 14:36, 15.13, 1001.31, 39.39
2020-11-27 14:38, 15.23, 1001.32, 39.43
2020-11-27 14:40, 15.18, 1001.34, 39.34
2020-11-27 14:42, 15.13, 1001.28, 39.35
2020-11-27 14:44, 15.05, 1001.27, 39.44
2020-11-27 14:46, 15.20, 1001.28, 39.57
2020-11-27 14:48, 15.00, 1001.29, 39.56
2020-11-27 14:50, 15.13, 1001.24, 39.67
2020-11-27 14:52, 14.87, 1001.24, 39.72
2020-11-27 14:54, 14.89, 1001.23, 39.80
2020-11-27 14:56, 14.93, 1001.25, 39.71
2020-11-27 14:58, 15.11, 1001.21, 39.77
2020-11-27 15:00, 15.01, 1001.20, 39.78
2020-11-27 15:02, 14.92, 1001.17, 39.78
2020-11-27 15:04, 15.03, 1001.23, 39.80
2020-11-27 15:06, 14.95, 1001.22, 39.89
2020-11-27 15:08, 14.81, 1001.21, 39.92
2020-11-27 15:10, 14.88, 1001.18, 39.76
2020-11-27 15:12, 14.96, 1001.18, 39.81
2020-11-27 15:14, 15.13, 1001.15, 39.73
2020-11-27 15:16, 14.92, 1001.14, 39.73
2020-11-27 15:18, 14.83, 1001.15, 39.87
2020-11-27 15:20, 14.98, 1001.16, 39.47
2020-11-27 15:22, 15.44, 1001.15, 39.35
2020-11-27 15:24, 15.38, 1001.13, 39.34
2020-11-27 15:26, 15.17, 1001.14, 39.33
2020-11-27 15:28, 15.46, 1001.11, 39.05
2020-11-27 15:30, 15.56, 1001.13, 38.91
2020-11-27 15:32, 15.42, 1001.15, 38.80
2020-11-27 15:34, 15.40, 1001.12, 38.59
2020-11-27 15:36, 15.44, 1001.11, 38.68
2020-11-27 15:38, 15.34, 1001.14, 38.91
2020-11-27 15:40, 14.87, 1001.15, 39.59
2020-11-27 15:42, 15.08, 1001.17, 40.08
2020-11-27 15:44, 14.58, 1001.18, 40.53
2020-11-27 15:46, 12.79, 1001.17, 40.23
2020-11-27 15:48, 15.34, 1001.11, 38.41
2020-11-27 15:50, 15.02, 1001.11, 39.03
2020-11-27 15:52, 15.23, 1001.09, 39.40
2020-11-27 15:54, 15.33, 1001.10, 39.34
2020-11-27 15:56, 15.20, 1001.09, 39.65
2020-11-27 15:58, 15.23, 1001.09, 39.35
2020-11-27 16:00, 15.46, 1001.07, 39.47
2020-11-27 16:02, 15.40, 1001.08, 39.65
2020-11-27 16:04, 15.56, 1001.07, 39.59
2020-11-27 16:06, 15.71, 1001.07, 39.43
2020-11-27 16:08, 15.71, 1001.06, 39.54
2020-11-27 16:10, 15.77, 1001.04, 39.54
2020-11-27 16:12, 15.98, 1001.09, 39.43
2020-11-27 16:14, 16.23, 1001.10, 39.10
2020-11-27 16:16, 16.00, 1001.13, 38.97
2020-11-27 16:18, 16.25, 1001.16, 39.15
2020-11-27 16:20, 16.08, 1001.18, 38.95
2020-11-27 16:22, 16.40, 1001.16, 39.05
2020-11-27 16:24, 16.09, 1001.16, 39.03
2020-11-27 16:26, 16.35, 1001.16, 38.90
2020-11-27 16:28, 16.48, 1001.15, 38.98
2020-11-27 16:30, 16.48, 1001.15, 39.06
2020-11-27 16:32, 16.50, 1001.16, 38.80
2020-11-27 16:34, 16.60, 1001.15, 38.75
2020-11-27 16:36, 16.63, 1001.16, 38.70
2020-11-27 16:38, 16.70, 1001.15, 38.74
2020-11-27 16:40, 16.79, 1001.16, 38.57
2020-11-27 16:42, 16.81, 1001.23, 38.53
2020-11-27 16:44, 17.21, 1001.26, 38.50
2020-11-27 16:46, 17.09, 1001.26, 38.14
2020-11-27 16:48, 17.14, 1001.26, 38.04
2020-11-27 16:50, 17.34, 1001.26, 37.86
2020-11-27 16:52, 17.26, 1001.22, 37.89
2020-11-27 16:54, 17.31, 1001.23, 37.82
2020-11-27 16:56, 17.33, 1001.23, 37.88
2020-11-27 16:58, 17.40, 1001.22, 37.82
2020-11-27 17:00, 17.16, 1001.21, 37.82
2020-11-27 17:02, 17.59, 1001.18, 37.54
2020-11-27 17:04, 17.63, 1001.16, 37.46
2020-11-27 17:06, 17.57, 1001.16, 37.32
2020-11-27 17:08, 17.60, 1001.21, 37.33
2020-11-27 17:10, 17.71, 1001.21, 37.17
2020-11-27 17:12, 17.51, 1001.21, 37.16
2020-11-27 17:14, 17.63, 1001.19, 37.22
2020-11-27 17:16, 17.59, 1001.13, 37.42
2020-11-27 17:18, 17.44, 1001.09, 37.58
2020-11-27 17:20, 17.55, 1001.11, 37.45
2020-11-27 17:22, 17.57, 1001.15, 37.19
2020-11-27 17:24, 17.67, 1001.12, 37.17
2020-11-27 17:26, 17.73, 1001.14, 37.18
2020-11-27 17:28, 17.61, 1001.13, 37.15
2020-11-27 17:30, 17.81, 1001.09, 36.76
2020-11-27 17:32, 17.90, 1001.13, 36.99
2020-11-27 17:34, 17.71, 1001.14, 36.93
2020-11-27 17:36, 17.98, 1001.13, 36.82
2020-11-27 17:38, 17.80, 1001.16, 36.85
2020-11-27 17:40, 18.11, 1001.13, 36.76
2020-11-27 17:42, 17.99, 1001.14, 36.67
2020-11-27 17:44, 17.87, 1001.14, 36.91
2020-11-27 17:46, 18.24, 1001.16, 36.71
2020-11-27 17:48, 18.11, 1001.16, 36.67
2020-11-27 17:50, 18.13, 1001.14, 36.64
2020-11-27 17:52, 18.08, 1001.15, 36.76
2020-11-27 17:54, 18.35, 1001.16, 36.45
2020-11-27 17:56, 18.25, 1001.12, 36.61
2020-11-27 17:58, 18.24, 1001.15, 36.67
2020-11-27 18:00, 18.47, 1001.11, 36.36
2020-11-27 18:02, 18.49, 1001.09, 36.31
2020-11-27 18:04, 18.50, 1001.08, 36.38
2020-11-27 18:06, 18.33, 1001.06, 36.33
2020-11-27 18:08, 18.43, 1001.03, 36.19
2020-11-27 18:10, 18.59, 1001.01, 35.94
2020-11-27 18:12, 18.49, 1001.01, 36.10
2020-11-27 18:14, 18.63, 1001.02, 35.97
2020-11-27 18:16, 18.79, 1001.00, 35.76
2020-11-27 18:18, 18.71, 1000.99, 35.71
2020-11-27 18:20, 18.93, 1000.96, 35.76
2020-11-27 18:22, 18.67, 1000.91, 35.95
2020-11-27 18:24, 18.82, 1000.95, 35.77
2020-11-27 18:26, 18.91, 1000.97, 35.64
2020-11-27 18:28, 18.71, 1000.98, 35.65
2020-11-27 18:30, 18.73, 1000.98, 35.65
2020-11-27 18:32, 18.81, 1000.96, 35.61
2020-11-27 18:34, 18.71, 1000.95, 35.70
2020-11-27 18:36, 19.26, 1000.96, 35.46
2020-11-27 18:38, 19.00, 1000.94, 35.58
2020-11-27 18:40, 19.16, 1000.98, 35.39
2020-11-27 18:42, 18.98, 1000.99, 35.25
2020-11-27 18:44, 19.13, 1000.97, 35.29
2020-11-27 18:46, 18.95, 1000.98, 35.26
2020-11-27 18:48, 18.86, 1001.02, 35.35
2020-11-27 18:50, 18.69, 1000.97, 35.51
2020-11-27 18:52, 18.77, 1000.95, 35.44
2020-11-27 18:54, 18.72, 1000.90, 35.50
2020-11-27 18:56, 18.78, 1000.93, 35.47
2020-11-27 18:58, 18.90, 1000.92, 35.26
2020-11-27 19:00, 18.87, 1000.91, 35.35
2020-11-27 19:02, 19.14, 1000.91, 35.15
2020-11-27 19:04, 19.12, 1000.93, 35.22
2020-11-27 19:06, 18.89, 1000.92, 35.49
2020-11-27 19:08, 18.73, 1000.97, 35.44
2020-11-27 19:10, 19.02, 1000.96, 35.84
2020-11-27 19:12, 19.10, 1000.96, 35.89
2020-11-27 19:14, 18.83, 1000.96, 37.77
2020-11-27 19:16, 18.82, 1000.96, 38.64
2020-11-27 19:18, 18.65, 1001.00, 39.29
2020-11-27 19:20, 18.96, 1001.01, 39.44
2020-11-27 19:22, 18.83, 1001.02, 39.24
2020-11-27 19:24, 18.82, 1001.02, 38.95
2020-11-27 19:26, 18.63, 1001.01, 39.02
2020-11-27 19:28, 18.73, 1001.02, 38.73
2020-11-27 19:30, 19.00, 1001.01, 38.37
2020-11-27 19:32, 18.76, 1001.00, 38.49
2020-11-27 19:34, 18.66, 1000.98, 38.01
2020-11-27 19:36, 19.22, 1000.97, 37.46
2020-11-27 19:38, 18.89, 1000.93, 37.28
2020-11-27 19:40, 18.59, 1000.96, 37.22
2020-11-27 19:42, 19.09, 1000.96, 36.68
2020-11-27 19:44, 18.45, 1000.98, 36.84
2020-11-27 19:46, 18.76, 1000.93, 36.57
2020-11-27 19:48, 18.49, 1000.88, 36.90
2020-11-27 19:50, 18.17, 1000.90, 37.05
2020-11-27 19:52, 17.96, 1000.91, 37.60
2020-11-27 19:54, 17.83, 1000.89, 38.36
2020-11-27 19:56, 17.83, 1000.92, 38.42
2020-11-27 19:58, 17.74, 1000.93, 38.44
2020-11-27 20:00, 17.81, 1000.88, 38.42
2020-11-27 20:02, 17.74, 1000.84, 38.71
2020-11-27 20:04, 18.03, 1000.88, 38.68
2020-11-27 20:06, 17.92, 1000.87, 38.52
2020-11-27 20:08, 17.80, 1000.85, 38.45
2020-11-27 20:10, 18.10, 1000.77, 38.50
2020-11-27 20:12, 18.34, 1000.81, 38.46
2020-11-27 20:14, 18.27, 1000.83, 38.27
2020-11-27 20:16, 18.55, 1000.84, 38.15
2020-11-27 20:18, 18.39, 1000.86, 38.07
2020-11-27 20:20, 18.42, 1000.84, 37.93
2020-11-27 20:22, 18.48, 1000.82, 37.77
2020-11-27 20:24, 18.65, 1000.81, 37.75
2020-11-27 20:26, 18.47, 1000.80, 37.77
2020-11-27 20:28, 18.36, 1000.75, 37.83
2020-11-27 20:30, 18.23, 1000.81, 38.07
2020-11-27 20:32, 18.61, 1000.79, 37.78
2020-11-27 20:34, 18.52, 1000.81, 37.83
2020-11-27 20:36, 18.33, 1000.75, 37.70
2020-11-27 20:38, 18.43, 1000.74, 37.94
2020-11-27 20:40, 18.24, 1000.69, 37.80
2020-11-27 20:42, 18.55, 1000.70, 37.81
2020-11-27 20:44, 18.09, 1000.65, 37.67
2020-11-27 20:46, 18.28, 1000.62, 37.88
2020-11-27 20:48, 18.38, 1000.64, 37.91
2020-11-27 20:50, 18.40, 1000.66, 37.97
2020-11-27 20:52, 18.60, 1000.64, 37.71
2020-11-27 20:54, 18.26, 1000.61, 37.90
2020-11-27 20:56, 18.27, 1000.62, 38.22
2020-11-27 20:58, 18.03, 1000.60, 38.23
2020-11-27 21:00, 18.11, 1000.62, 38.29
2020-11-27 21:02, 18.06, 1000.60, 38.47
2020-11-27 21:04, 18.01, 1000.60, 38.39
2020-11-27 21:06, 17.95, 1000.59, 38.45
2020-11-27 21:08, 17.86, 1000.56, 38.51
2020-11-27 21:10, 17.82, 1000.52, 38.62
2020-11-27 21:12, 17.84, 1000.48, 38.51
2020-11-27 21:14, 17.79, 1000.52, 38.57
2020-11-27 21:16, 17.73, 1000.54, 38.65
2020-11-27 21:18, 17.81, 1000.48, 38.59
2020-11-27 21:20, 17.79, 1000.48, 38.58
2020-11-27 21:22, 17.79, 1000.49, 38.63
2020-11-27 21:24, 17.96, 1000.47, 38.28
2020-11-27 21:26, 17.66, 1000.50, 38.57
2020-11-27 21:28, 17.57, 1000.47, 38.50
2020-11-27 21:30, 17.63, 1000.47, 38.69
2020-11-27 21:32, 17.85, 1000.45, 38.62
2020-11-27 21:34, 17.85, 1000.38, 38.78
2020-11-27 21:36, 17.82, 1000.39, 38.56
2020-11-27 21:38, 17.99, 1000.45, 38.20
2020-11-27 21:40, 18.37, 1000.41, 38.01
2020-11-27 21:42, 18.44, 1000.38, 37.74
2020-11-27 21:44, 18.28, 1000.37, 37.85
2020-11-27 21:46, 18.69, 1000.35, 37.57
2020-11-27 21:48, 18.85, 1000.32, 37.51
2020-11-27 21:50, 18.87, 1000.41, 37.23
2020-11-27 21:52, 18.89, 1000.45, 37.27
2020-11-27 21:54, 18.94, 1000.50, 36.91
2020-11-27 21:56, 19.18, 1000.51, 36.47
2020-11-27 21:58, 19.08, 1000.55, 36.43
2020-11-27 22:00, 19.25, 1000.55, 36.39
2020-11-27 22:02, 19.29, 1000.58, 36.38
2020-11-27 22:04, 19.49, 1000.53, 36.09
2020-11-27 22:06, 19.36, 1000.53, 36.25
2020-11-27 22:08, 19.47, 1000.56, 36.07
2020-11-27 22:10, 19.38, 1000.52, 35.86
2020-11-27 22:12, 19.40, 1000.56, 35.99
2020-11-27 22:14, 19.17, 1000.56, 35.94
2020-11-27 22:16, 19.38, 1000.58, 36.08
2020-11-27 22:18, 19.12, 1000.55, 36.34
2020-11-27 22:20, 19.03, 1000.58, 36.62
2020-11-27 22:22, 18.79, 1000.54, 36.58
2020-11-27 22:24, 18.70, 1000.52, 36.93
2020-11-27 22:26, 18.79, 1000.53, 37.01
2020-11-27 22:28, 18.68, 1000.53, 36.98
2020-11-27 22:30, 18.61, 1000.51, 37.18
2020-11-27 22:32, 18.79, 1000.48, 37.08
2020-11-27 22:34, 18.70, 1000.46, 37.17
2020-11-27 22:36, 18.74, 1000.47, 36.91
2020-11-27 22:38, 18.46, 1000.45, 37.00
2020-11-27 22:40, 18.32, 1000.44, 37.08
2020-11-27 22:42, 18.58, 1000.44, 36.59
2020-11-27 22:44, 18.39, 1000.44, 36.35
2020-11-27 22:46, 18.31, 1000.44, 36.55
2020-11-27 22:48, 18.31, 1000.43, 36.53
2020-11-27 22:50, 18.12, 1000.40, 36.47
2020-11-27 22:52, 18.24, 1000.33, 36.30
2020-11-27 22:54, 18.08, 1000.33, 36.26
2020-11-27 22:56, 18.11, 1000.27, 36.27
2020-11-27 22:58, 17.94, 1000.30, 36.29
2020-11-27 23:00, 17.75, 1000.29, 36.20
2020-11-27 23:02, 17.93, 1000.27, 36.23
2020-11-27 23:04, 17.80, 1000.26, 36.23
2020-11-27 23:06, 17.72, 1000.22, 36.15
2020-11-27 23:08, 17.85, 1000.24, 36.06
2020-11-27 23:10, 17.82, 1000.21, 35.89
2020-11-27 23:12, 17.58, 1000.25, 35.67
2020-11-27 23:14, 17.75, 1000.23, 35.48
2020-11-27 23:16, 17.79, 1000.19, 35.79
2020-11-27 23:18, 17.71, 1000.20, 35.75
2020-11-27 23:20, 17.42, 1000.25, 35.98
2020-11-27 23:22, 17.58, 1000.22, 36.17
2020-11-27 23:24, 17.28, 1000.19, 36.28
2020-11-27 23:26, 17.11, 1000.23, 36.45
2020-11-27 23:28, 17.32, 1000.22, 36.37
2020-11-27 23:30, 17.03, 1000.22, 36.42
2020-11-27 23:32, 17.06, 1000.17, 36.72
2020-11-27 23:34, 17.04, 1000.20, 36.71
2020-11-27 23:36, 16.97, 1000.20, 36.69
2020-11-27 23:38, 16.82, 1000.28, 36.74
2020-11-27 23:40, 16.61, 1000.26, 36.76
2020-11-27 23:42, 16.89, 1000.23, 36.74
2020-11-27 23:44, 16.60, 1000.19, 37.10
2020-11-27 23:46, 16.68, 1000.19, 37.25
2020-11-27 23:48, 16.59, 1000.19, 37.35
2020-11-27 23:50, 16.32, 1000.14, 37.47
2020-11-27 23:52, 16.25, 1000.11, 37.49
2020-11-27 23:54, 16.41, 1000.07, 37.46
2020-11-27 23:56, 16.24, 1000.08, 37.57
2020-11-27 23:58, 16.21, 1000.07, 37.66
